<?xml version="1.0" encoding="UTF-8"?>
<project-private xmlns="http://www.netbeans.org/ns/project-private/1">
    <editor-bookmarks xmlns="http://www.netbeans.org/ns/editor-bookmarks/2" lastBookmarkId="1">
        <file>
            <url>src/library/Book.java</url>
            <bookmark id="1">
                <name/>
                <line>129</line>
                <key/>
            </bookmark>
        </file>
    </editor-bookmarks>
    <open-files xmlns="http://www.netbeans.org/ns/projectui-open-files/2">
        <group>
            <file>file:/C:/Users/HP/Documents/NetBeansProject/Library/src/library/Book.java</file>
            <file>file:/C:/Users/HP/Documents/NetBeansProject/Library/src/library/Person.java</file>
            <file>file:/C:/Users/HP/Documents/NetBeansProject/Library/src/library/Library.java</file>
            <file>file:/C:/Users/HP/Documents/NetBeansProject/Library/src/library/Process.java</file>
            <file>file:/C:/Users/HP/Documents/NetBeansProject/Library/src/library/Author.java</file>
            <file>file:/C:/Users/HP/Documents/NetBeansProject/Library/src/library/Student.java</file>
        </group>
    </open-files>
</project-private>
